Sample ID,Material,Description,14C Lab ID,DatBP,Sta,Comment,δ13C‰ VPDB,δ15N‰ AIR,C:N,Sr Lab ID,Sr87/Sr86,,,,,,,,,,,,,,
NEO1,bone,nd,OxA-533,6080,80,,,,,,,,,,,,,,,,,,,,
NEO1,bone,phalanx,,,,,-12.3,16.1,,,,,,,,,,,,,,,,,
NEO1,bone,ulna,,,,,-10.7,16.2,,,,,,,,,,,,,,,,,
NEO1,bone,nd,OxA-118,6280,130,,,,,,,,,,,,,,,,,,,,
NEO1,bone,nd,K-3559,6030,80,,,,,,,,,,,,,,,,,,,,
NEO1,bone,femur dxt,,,,,,,,,,,,,,,,,,,,,,,
NEO3,bone,"costa, vertebra etc",K-3921,5540,65,,-12.6,16.1,3.3,,,,,,,,,,,,,,,,
NEO3,bone,femur,,,,,-11.2,,,,,,,,,,,,,,,,,,
NEO5,bone,femur dxt,,,,,,,,,,,,,,,,,,,,,,,
NEO7,bone,femur dxt,,,,,,,,,,,,,,,,,,,,,,,
NEO8,bone,femur dxt,AAR-8552,5360,50,,-11.7,12.7,3.2,,,,,,,,,,,,,,,,
NEO8,bone,costae,K-3622,5280,50,,,,,,,,,,,,,,,,,,,,
NEO12,bone,left tibia,,,,,,,,,,,,,,,,,,,,,,,
NEO12,bone,costae,AAR-9342,6905,55,,-11.1,16.3,,,,,,,,,,,,,,,,,
NEO13,bone,cranium,AAR-4554,8680,40,,-20.3,11.5,3.2,,,,,,,,,,,,,,,,
NEO17,bone,cranium,Ua-47892,8446,51,,-13.5,19.8,,,,,,,,,,,,,,,,,
NEO18,tooth,2 teeth,,,,,,,,,,,,,,,,,,,,,,,
NEO18,bone,cranium,Ua-10295,8835,90,,,,,,,,,,,,,,,,,,,,
NEO18,tooth,M2,HAN01,,,,-18.3,11.5,3.2,,,,,,,,,,,,,,,,
NEO18,tooth,M1,HAN02,,,,-19,10.9,3.2,,,,,,,,,,,,,,,,
NEO18,bone,cranium,HAN03,,,,-19.7,9.9,3.2,,,,,,,,,,,,,,,,
NEO19,tooth,M3 mand dxt,,,,,,,,F10535,0.709624,,,,,,,,,,,,,,
NEO19,tooth,M1 mand dxt,,,,,,,,,,,,,,,,,,,,,,,
NEO19,bone,mandible,AAR-11355,7542,42,,-15,11.8,,,,,,,,,,,,,,,,,
NEO23,tooth,nd,,,,,,,,,,,,,,,,,,,,,,,
NEO25,tooth+bone,"M2 max dxt, maxilla",AAR-21424,4464,29,maxilla analysed,-19.35,11.51,,,,,,,,,,,,,,,,,
NEO27,tooth,nd,,,,,,,,,,,,,,,,,,,,,,,
NEO27,bone,femur,Ua-6629,8645,75,,,,,,,,,,,,,,,,,,,,
NEO27,bone,femur,,,,Boethius & Ahlström no 16,-18.8,11,3.2,,,,,,,,,,,,,,,,
NEO28,bone,costa,AAR-21344,4752,29,,-20.16,8.12,,,,,,,,,,,,,,,,,
NEO28,tooth+bone,"M3 mand sin, bone",,,,,,,,,,,,,,,,,,,,,,,
NEO28,bone,femur sin,AAR-21343,4789,25,,-20.58,9.6,,,,,,,,,,,,,,,,,
NEO29,tooth+bone,"PM2 mand sin, ulna sin",UBA-35699,4843,40,,-20.1,9.1,3.21,F10534,0.710807,,,,,,,,,,,,,,
NEO33,bone,maxilla,UBA-39121,4565,29,,-20,10.6,3.22,,,,,,,,,,,,,,,,
NEO33,bone,maxilla,UBA-29904,4464,52,,-20.2,9.9,3.2,,,,,,,,,,,,,,,,
NEO33,tooth,PM1 max sin,,,,,,,,F10741,0.71343,,,,,,,,,,,,,,
NEO35,tooth,M1 mand sin,,,,,,,,,,,,,,,,,,,,,,,
NEO36,bone,Pars petrosa,UBA-35700,4530,64,,-19.2,12.1,3.23,,,,,,,,,,,,,,,,
NEO38,bone,Pars petrosa,UBA-35702,4443,40,,-20.4,8.8,3.22,,,,,,,,,,,,,,,,
NEO39,bone,Pars petrosa,UBA-35703,4447,37,,-20.6,10.6,3.24,,,,,,,,,,,,,,,,
NEO41,tooth,nd,UBA-37876,4838,29,,-19.3,10.6,3.17,,,,,,,,,,,,,,,,
NEO43a,tooth,nd,UBA-37877,4901,37,,-19.1,10.6,3.2,F10494,0.709881,,,,,,,,,,,,,,
NEO43b,bone,Pars petrosa dxt,UBA-39551,4488,38,,-19,10.6,3.22,F10744,0.70988,,,,,,,,,,,,,,
NEO43b,bone,Pars petrosa dxt,UCIAMS-232708,4725,15,,-19.1,11.1,3.2,F10744,0.70988,,,,,,,,,,,,,,
NEO44,tooth,nd,UBA-39934,3987,34,,-19.7,12.3,,,,,,,,,,,,,,,,,
NEO46,tooth,nd,UBA-39935,4913,32,,-18.2,12.2,3.16,,,,,,,,,,,,,,,,
NEO46,tooth,nd,Lu-3652,4990,80,,,,,,,,,,,,,,,,,,,,
NEO51,tooth,nd,OxA-39287,3955,20,,-20.44,10.1,3.2,,,,,,,,,,,,,,,,
NEO52,tooth,nd,,,,,,,,,,,,,,,,,,,,,,,
NEO52,bone,nd,Ua-34092,3535,40,,,,,,,,,,,,,,,,,,,,
NEO57,tooth,nd,GIN-12853,3970,40,,,,,,,,,,,,,,,,,,,,
NEO57,tooth,nd,OxA-39590,4327,24,,-18.35,13.8,3.2,,,,,,,,,,,,,,,,
NEO60,tooth,2 incisors,UBA-39937,3289,31,,-15.5,17.4,3.17,,,,,,,,,,,,,,,,
NEO61,tooth,PM+incisor,UBA-39938,3358,28,,-13.7,20.5,3.22,,,,,,,,,,,,,,,,
NEO62,bone,Pars petrosa,UBA-39939,3301,40,,-15.1,17.7,3.2,,,,,,,,,,,,,,,,
NEO63,tooth,nd,UBA-39940,6656,34,,-21.7,13.4,3.15,,,,,,,,,,,,,,,,
NEO64,tooth,nd,UBA-39941,5744,41,,-22,15.8,3.15,,,,,,,,,,,,,,,,
NEO65,tooth,nd,UBA-39942,4516,33,,-20.1,12.4,3.12,,,,,,,,,,,,,,,,
NEO67,tooth,nd,UBA-39943,6640,55,,-20.3,13.8,3.16,,,,,,,,,,,,,,,,
NEO68,tooth,nd,UBA-39944,4555,37,,-21.2,12.8,3.16,,,,,,,,,,,,,,,,
NEO70,tooth,One canine and four molars,UCIAMS-147675,2880,25,from same individual,-17.9,12,3.18,,,,,,,,,,,,,,,,
NEO72,bone,Pars petrosa,UBA-39945,8065,76,,-20.8,14.9,3.16,,,,,,,,,,,,,,,,
NEO73,bone,Pars petrosa,UBA-39946,7317,62,,-20.2,15.4,3.15,,,,,,,,,,,,,,,,
NEO75,tooth,M3,UBA-39947,6654,40,,-21.3,15,3.1,,,,,,,,,,,,,,,,
NEO75,tooth,M3,UBA-23603,6656,50,,,,,,,,,,,,,,,,,,,,
NEO76,tooth,nd,UBA-39948,4225,29,,-22.9,14,3.14,,,,,,,,,,,,,,,,
NEO77,tooth,nd,UBA-39949,4698,32,,-20.2,13.9,3.13,,,,,,,,,,,,,,,,
NEO78,tooth,nd,UBA-39950,6560,49,,-19.6,13.9,3.12,,,,,,,,,,,,,,,,
NEO79,tooth,nd,UBA-39951,4591,51,,-23.4,14.7,3.13,,,,,,,,,,,,,,,,
NEO80,tooth,nd,UBA-39952,4757,54,,-20.1,13.7,3.12,,,,,,,,,,,,,,,,
NEO81,tooth,nd,UBA-39953,3588,29,,-21.5,14.6,3.19,,,,,,,,,,,,,,,,
NEO83,tooth,nd,UBA-39955,5433,37,,-20.9,15.3,3.19,,,,,,,,,,,,,,,,
NEO87,tooth,mandibula,KIA-51435,7663,44,,-19.3,12.9,3.2,,,,,,,,,,,,,,,,
NEO87,tooth,M2 mand sin,UBA-39956,,,failed,,,,,,,,,,,,,,,,,,,
NEO88,tooth,I max dxt,UBA-39957,7533,38,,-20.8,13.9,3.17,,,,,,,,,,,,,,,,
NEO88,bone,maxilla,KIA-53296,7581,41,,-20.6,12.3,3.2,,,,,,,,,,,,,,,,
NEO91,tooth,M1 mand sin,UBA-39958,8211,40,,-18.3,12.1,3.21,,,,,,,,,,,,,,,,
NEO91,bone,sphenoidale sin,AAR-11311,8215,55,isotopes failed,,,,,,,,,,,,,,,,,,,
NEO91,tooth,M3 mand sin,,,,,,,,F10524,0.709037,,,,,,,,,,,,,,
NEO92,tooth,M3 mand sin,UBA-37878,3803,31,,-21.2,9.5,3.16,,,,,,,,,,,,,,,,
NEO93,tooth,M3 max sin,UBA-37879,3512,33,,-19.2,10.1,3.16,,,,,,,,,,,,,,,,
NEO100,bone,nd,UCIAMS-147672,9080,35,,-23.3,12.6,3.22,,,,,,,,,,,,,,,,
NEO102,bone,nd,UCIAMS-147679,5280,30,,-20.2,12.5,3.22,,,,,,,,,,,,,,,,
NEO110,bone,nd,UBA-39959,6986,52,,-17,12.1,3.19,,,,,,,,,,,,,,,,
NEO113,bone,nd,UBA-40082,6627,39,,-21.3,11.1,3.17,,,,,,,,,,,,,,,,
NEO115,bone,nd,UBA-33756,6943,51,,-18.8,11.4,3.15,,,,,,,,,,,,,,,,
NEO116,bone,nd,UBA-33757,7378,72,,-19.5,10.5,3.14,,,,,,,,,,,,,,,,
NEO117,bone,nd,UBA-33758,7064,63,,-19.8,12.2,3.14,,,,,,,,,,,,,,,,
NEO119,bone,pars petrosa,UBA-39961,3936,40,,-20.2,10,3.24,,,,,,,,,,,,,,,,
NEO120,bone,pars petrosa,UBA-39662,3162,45,,-19.5,10.9,3.23,,,,,,,,,,,,,,,,
NEO121,bone,pars petrosa,UBA-39963,4002,60,,-20.3,8.5,3.26,,,,,,,,,,,,,,,,
NEO122,tooth,M2 mand sin,UBA-38222,7415,53,,-16.9,12.2,3.15,,,,,,,,,,,,,,,,
NEO123,tooth,M3 max dxt,UBA-37880,7505,36,,-15.5,13.2,3.16,,,,,,,,,,,,,,,,
NEO128,tooth,M2,UBA-39964,6259,45,,-19.9,9.6,3.26,,,,,,,,,,,,,,,,
NEO128,bone,nd,,,,,,,,,,,,,,,,,,,,,,,
NEO130,tooth,M2,,,,,,,,,,,,,,,,,,,,,,,
NEO130,bone,nd,UBA-39965,6950,48,,-20.2,10.3,3.22,,,,,,,,,,,,,,,,
NEO137,tooth+bone,M2+bone,UBA-39966,6728,42,,-20.3,10,3.23,,,,,,,,,,,,,,,,
NEO140,tooth+bone,M2+bone,UBA-40083,5892,35,,-19.4,10.9,3.2,,,,,,,,,,,,,,,,
NEO142,tooth+bone,M2+bone,UBA-40084,5839,39,,-19.1,10.2,3.24,,,,,,,,,,,,,,,,
NEO143,tooth+bone,M2+bone,OxA-39289,5853,24,,-19.3,11.2,3.2,,,,,,,,,,,,,,,,
NEO143,tooth+bone,M2+bone,UBA-39968,,,failed,,,,,,,,,,,,,,,,,,,
NEO145,tooth+bone,M2+bone,UBA-39969,5908,35,,-19.5,10.9,3.2,,,,,,,,,,,,,,,,
NEO147,tooth+bone,M2+bone,UBA-39970,5897,62,,-19.9,10.5,3.26,,,,,,,,,,,,,,,,
NEO148,tooth+bone,M2+bone,UBA-39971,5799,47,isotopes failed,,,,,,,,,,,,,,,,,,,
NEO149,tooth+bone,M2+bone,UBA-39972,6088,44,,-19.6,11.6,3.24,,,,,,,,,,,,,,,,
NEO158,tooth,nd,UBA-39973,5287,40,,-21.6,13.8,3.25,,,,,,,,,,,,,,,,
NEO160,tooth,nd,UBA-39975,5101,40,,-23,13.1,3.22,,,,,,,,,,,,,,,,
NEO162,tooth,nd,UBA-39976,6378,38,,-22.5,13.1,3.23,,,,,,,,,,,,,,,,
NEO163,tooth,nd,UBA-39977,5133,40,,-23,11.6,3.2,,,,,,,,,,,,,,,,
NEO164,tooth,nd,UBA-39978,5197,34,,-22.9,11.8,3.13,,,,,,,,,,,,,,,,
NEO166,tooth,nd,UBA-39979,,,failed,,,,,,,,,,,,,,,,,,,
NEO166,tooth,nd,OxA-39293,5198,22,,-24.23,12,3.2,,,,,,,,,,,,,,,,
NEO167,tooth,nd,UBA-39980,5166,37,,-22.5,11.6,3.18,,,,,,,,,,,,,,,,
NEO168,tooth,nd,UBA-39981,4968,58,isotopes failed,,,,,,,,,,,,,,,,,,,
NEO170,tooth,nd,UBA-39982,5079,43,,-23.4,11.2,3.16,,,,,,,,,,,,,,,,
NEO171,tooth,nd,UBA-39983,,,failed,,,,,,,,,,,,,,,,,,,
NEO171,tooth,nd,OxA-39294,5351,23,,-23.45,11.9,3.2,,,,,,,,,,,,,,,,
NEO172,tooth,nd,UBA-39984,6181,47,isotopes failed,,,,,,,,,,,,,,,,,,,
NEO173,tooth,nd,UBA-39985,5789,34,isotopes failed,,,,,,,,,,,,,,,,,,,
NEO174,tooth,nd,UBA-39986,4865,33,,-23.5,12.4,3.16,,,,,,,,,,,,,,,,
NEO175,tooth,nd,UBA-39987,4052,34,,-19.6,10.9,3.16,,,,,,,,,,,,,,,,
NEO178,tooth,nd,UBA-39990,4754,50,,-21.8,12.4,3.15,,,,,,,,,,,,,,,,
NEO179,tooth,nd,UBA-39991,4919,36,,-23,12.7,3.15,,,,,,,,,,,,,,,,
NEO180,tooth,nd,UBA-39992,5314,34,,-23.2,12.7,3.05,,,,,,,,,,,,,,,,
NEO181,tooth,nd,UBA-39993,5328,39,isotopes failed,,,,,,,,,,,,,,,,,,,
NEO182,tooth,nd,UBA-39994,4767,35,,-22.5,12.5,3.08,,,,,,,,,,,,,,,,
NEO183,tooth,nd,UBA-39995,5011,35,,-23.4,13.4,3.16,,,,,,,,,,,,,,,,
NEO184,tooth,nd,UBA-39996,5014,36,,-23.1,13.3,3.15,,,,,,,,,,,,,,,,
NEO185,tooth,nd,UBA-39997,6393,39,,-22.2,15.3,3.16,,,,,,,,,,,,,,,,
NEO186,tooth,nd,UBA-39998,6317,91,,-22.6,14.3,3.14,,,,,,,,,,,,,,,,
NEO187,tooth,nd,UBA-39999,4616,38,,-22.4,13.9,3.16,,,,,,,,,,,,,,,,
NEO188,tooth,nd,UBA-40000,4916,35,,-23.3,13.9,3.17,,,,,,,,,,,,,,,,
NEO189,tooth,nd,UBA-40001,5157,35,,-24.6,14.6,3.2,,,,,,,,,,,,,,,,
NEO192,tooth,nd,UBA-40003,6265,38,,-20.1,13.2,3.22,,,,,,,,,,,,,,,,
NEO193,tooth,nd,UBA-40004,4981,37,,-23.7,13.7,3.21,F10382,0.710584,,,,,,,,,,,,,,
NEO194,tooth,nd,UBA-40005,5143,34,,-24.4,13.9,3.22,,,,,,,,,,,,,,,,
NEO195,tooth,nd,UBA-40006,5118,59,,-22.8,12.6,3.22,,,,,,,,,,,,,,,,
NEO197,tooth,nd,UBA-40007,4827,34,,-23.5,13.7,3.21,,,,,,,,,,,,,,,,
NEO199,tooth,nd,UBA-40008,7011,41,,-19.9,17.3,3.22,,,,,,,,,,,,,,,,
NEO200,tooth,nd,UBA-40009,6833,40,,-19.7,16.9,3.17,,,,,,,,,,,,,,,,
NEO201,tooth,nd,UBA-40010,6883,50,,-19.8,16.7,3.23,,,,,,,,,,,,,,,,
NEO202,tooth,nd,UBA-40011,10030,56,,-22.3,15.4,3.23,,,,,,,,,,,,,,,,
NEO202,tooth,nd,UBA-41633,10728,59,,,,,,,,,,,,,,,,,,,,
NEO204,tooth,nd,UBA-40012,6582,68,,-20.5,11.9,3.19,,,,,,,,,,,,,,,,
NEO207,tooth,nd,UBA-40013,6434,58,,-21.6,12.6,3.21,,,,,,,,,,,,,,,,
NEO209,tooth,nd,OxA-39310,6617,28,,-20.07,12.07,3.2,,,,,,,,,,,,,,,,
NEO209,tooth,nd,UBA-40014-1,,,failed,,,,,,,,,,,,,,,,,,,
NEO210,tooth,nd,OxA-39311,6687,29,,-20.51,13.3,3.2,,,,,,,,,,,,,,,,
NEO210,tooth,nd,UBA-40015,,,failed,,,,,,,,,,,,,,,,,,,
NEO212,tooth,nd,UBA-40016,6730,39,,-20.3,11.8,3.2,,,,,,,,,,,,,,,,
NEO220,tooth,PM1 dxt,UBA-30763,3654,34,,-20.6,8.9,3.16,,,,,,,,,,,,,,,,
NEO221,tooth,C sin,UBA-30770,3420,33,,-20.9,10.6,3.18,,,,,,,,,,,,,,,,
NEO223,tooth,dpm1 dxt,UBA-30774,3640,33,,-20.8,9.9,3.22,,,,,,,,,,,,,,,,
NEO224,tooth,PM2 sin,UBA-30749,3595,33,,-20.8,9.3,3.17,,,,,,,,,,,,,,,,
NEO225,tooth,PM2 dxt,UBA-30768,3491,33,,-21.1,8.5,3.15,,,,,,,,,,,,,,,,
NEO226,tooth,dc dxt,UBA-30758,3500,31,,-20,10.8,3.24,,,,,,,,,,,,,,,,
NEO227,tooth,C sin,UBA-30765,3602,33,,-20.8,8.3,3.17,,,,,,,,,,,,,,,,
NEO228,tooth,PM1 dxt,UBA-30767,3562,49,,-21,10.7,3.15,,,,,,,,,,,,,,,,
NEO254,tooth,M3 max dxt,UBA-35724,,,failed,,,,,,,,,,,,,,,,,,,
NEO254,bone,femur dxt,K-4063,9250,85,,,,,,,,,,,,,,,,,,,,
NEO254,bone,femur dxt,AAR-8613,9285,50,,-22.3,7.9,3.4,,,,,,,,,,,,,,,,
NEO254,tooth,M1,,,,,,,,nd,0.71005,,,,,,,,,,,,,,
NEO259,tooth,PM4 mand sin,OxA-39288,4404,21,,-21.1,10.7,3.2,,,,,,,,,,,,,,,,
NEO260,tooth,M1 max dxt,,,,,,,,,,,,,,,,,,,,,,,
NEO260,tooth,M1 max dxt,AAR-11206,5259,37,,-13.35,17.34,3.17,,,,,,,,,,,,,,,,
NEO260,bone,cranium,St-3839,4610,100,,,,,,,,,,,,,,,,,,,,
NEO261,tooth,LRPM,,,,,,,,,,,,,,,,,,,,,,,
NEO262,bone,Pars petrosa sin,UBA-40018,6174,35,,-21.6,13.8,3.19,,,,,,,,,,,,,,,,
NEO265,tooth,M1 mand sin,UBA-40019,5276,38,,-21.2,14.9,3.2,,,,,,,,,,,,,,,,
NEO268,tooth+ bone,"tooth + petrous, R",UBA-40020,,,failed,,,,,,,,,,,,,,,,,,,
NEO270,bone,Pars petrosa sin,UBA-40021,6823,34,,-21.5,15.1,3.22,,,,,,,,,,,,,,,,
NEO278,bone,Pars petrosa sin,UBA-40022,2860,25,,-14.3,12.9,3.22,,,,,,,,,,,,,,,,
NEO281,tooth,nd,UBA-40023,8735,44,,-19.6,9.8,3.15,,,,,,,,,,,,,,,,
NEO283,tooth,nd,UBA-40025,21412,194,isotopes failed,,,,,,,,,,,,,,,,,,,
NEO292,tooth,2 teeth,UBA-40027,5448,41,,-19.3,127,3.12,,,,,,,,,,,,,,,,
NEO300,bone,Pars petrosa,UBA-40028,6340,34,,-22.4,15.4,3.2,,,,,,,,,,,,,,,,
NEO302,bone,Pars petrosa,UBA-40029,6459,31,,-22.6,15.1,3.22,,,,,,,,,,,,,,,,
NEO304,bone,Pars petrosa,UBA-40030,6568,32,,-22.8,15.4,3.13,,,,,,,,,,,,,,,,
NEO305,bone,Pars petrosa,UBA-40031,6269,39,,-22.4,15,3.21,,,,,,,,,,,,,,,,
NEO306,tooth,2 teeth,UBA-40032,3995,30,,-20.8,9.2,3.1,,,,,,,,,,,,,,,,
NEO306,tooth,2 teeth,Poz-10827,4090,35,,,,,,,,,,,,,,,,,,,,
NEO307,bone,Pars petrosa,UBA-40033,7313,49,,-21.4,14.1,3.21,,,,,,,,,,,,,,,,
NEO307,bone,Pars petrosa,Ua-3638,6900,65,,,,,,,,,,,,,,,,,,,,
NEO309,bone,Pars petrosa,UBA-40035,5575,36,,-22.2,13.7,3.12,,,,,,,,,,,,,,,,
NEO310,bone,Pars petrosa,P-48476,,,failed,,,,,,,,,,,,,,,,,,,
NEO310,bone,Pars petrosa,UBA-40036,,,failed,,,,,,,,,,,,,,,,,,,
NEO492,bone,Pars petrosa,P-48492,,,failed,,,,,,,,,,,,,,,,,,,
NEO492,bone,Pars petrosa,UBA-40038,,,failed,,,,,,,,,,,,,,,,,,,
NEO494,bone,Pars petrosa,OxA-X-3040-35,9875,71,,-21.5,13.6,3.5,,,,,,,,,,,,,,,,
NEO494,bone,Pars petrosa,UBA-40039,,,failed,,,,,,,,,,,,,,,,,,,
NEO496,bone,Pars petrosa,UBA-40040,,,failed,,,,,,,,,,,,,,,,,,,
NEO496,bone,Pars petrosa,P-48494,,,failed,,,,,,,,,,,,,,,,,,,
NEO497,bone,Pars petrosa,P-48496,,,failed,,,,,,,,,,,,,,,,,,,
NEO497,bone,Pars petrosa,UBA-40041,,,failed,,,,,,,,,,,,,,,,,,,
NEO498,bone,Pars petrosa,UBA-40042,6623,36,,-23.1,15.2,3.38,,,,,,,,,,,,,,,,
NEO501,bone,Pars petrosa,OxA-39349,9869,42,,-22.05,14.16,3.4,,,,,,,,,,,,,,,,
NEO501,bone,Pars petrosa,UBA-40043,,,failed,,,,,,,,,,,,,,,,,,,
NEO502,bone,Pars petrosa,UBA-40044,6283,39,,-23.1,13.7,3.35,,,,,,,,,,,,,,,,
NEO503,bone,Pars petrosa,UBA-40045,6359,50,,-20.9,14.2,3.35,,,,,,,,,,,,,,,,
NEO507,bone,Pars petrosa,UBA-40046,6513,32,,-22.8,15.1,3.35,,,,,,,,,,,,,,,,
NEO508,bone,Pars petrosa,UBA-40047,5973,35,,-20.6,13.4,3.35,,,,,,,,,,,,,,,,
NEO509,bone,Pars petrosa,UBA-40048,4184,28,,-22.5,13.7,3.3,,,,,,,,,,,,,,,,
NEO514,bone,Pars petrosa,UBA-40050,6299,35,,-21.6,15.3,3.31,,,,,,,,,,,,,,,,
NEO516,bone,Pars petrosa,UBA-40051,6648,49,,-22.8,13.4,3.27,,,,,,,,,,,,,,,,
NEO518,bone,Pars petrosa,UBA-40052,2378,29,,-13.4,12.5,3.3,,,,,,,,,,,,,,,,
NEO521,bone,Pars petrosa,UBA-40053,7901,42,,-21.2,14.2,3.28,,,,,,,,,,,,,,,,
NEO522,bone,Pars petrosa,UBA-40054,5723,38,,-22.9,14.8,3.21,,,,,,,,,,,,,,,,
NEO524,bone,Pars petrosa,UBA-40055,6544,35,,-22.5,14.9,3.27,,,,,,,,,,,,,,,,
NEO527,bone,Pars petrosa,UBA-40056,,,failed,,,,,,,,,,,,,,,,,,,
NEO527,bone,Pars petrosa,OxA-39571,10050,34,,-22.78,13.67,3.34,,,,,,,,,,,,,,,,
NEO528,bone,Pars petrosa,UBA-40057,6463,36,,-21.5,14.6,3.3,,,,,,,,,,,,,,,,
NEO529,bone,Pars petrosa,UBA-40058,6376,42,,-21,15.3,3.28,,,,,,,,,,,,,,,,
NEO536,bone,mandible,OxA-X-2182-51,8885,45,,-22.5,12.6,3.3,,,,,,,,,,,,,,,,
NEO536,tooth,nd,UBA-40059,9389,65,,-20.3,13.5,3.2,,,,,,,,,,,,,,,,
NEO537,nd,nd,UBA-40060,7775,45,,-24.3,14.5,3.2,,,,,,,,,,,,,,,,
NEO537,nd,nd,GIN-8837,7240,160,,,,,,,,,,,,,,,,,,,,
NEO537,bone,cranium,OxA-16194,7631,39,,-24.3,14,3.2,,,,,,,,,,,,,,,,
NEO538,tooth,nd,UBA-40061,2748,38,,-22.9,14.6,3.2,,,,,,,,,,,,,,,,
NEO539,bone,cranium,OxA-16198,9385,40,,-22.3,13,3.2,,,,,,,,,,,,,,,,
NEO539,bone,cranium,OxA-16199,8895,40,,,,,,,,,,,,,,,,,,,,
NEO539,tooth,nd,UBA-40062,9501,53,,-21.6,14.3,3.18,,,,,,,,,,,,,,,,
NEO545,bone,Pars petrosa,UBA-40063,,,failed,,,,,,,,,,,,,,,,,,,
NEO545,bone,Pars petrosa,OxA-39572,9962,36,,-22.44,14.04,3.3,,,,,,,,,,,,,,,,
NEO549,bone,Pars petrosa,OxA-39312,9826,40,,-22.71,14.34,3.4,,,,,,,,,,,,,,,,
NEO549,bone,Pars petrosa,UBA-40064,,,failed,,,,,,,,,,,,,,,,,,,
NEO550,bone,Pars petrosa,OxA-X-3072-31,10197,96,,-20.9,13.3,3.5,,,,,,,,,,,,,,,,
NEO550,bone,Pars petrosa,UBA-40065,,,failed,,,,,,,,,,,,,,,,,,,
NEO551,bone,Pars petrosa,UBA-40066,6797,40,,-23.1,14.7,3.27,,,,,,,,,,,,,,,,
NEO552,bone,Pars petrosa,UBA-40067,6524,40,,-21.1,14.7,3.28,,,,,,,,,,,,,,,,
NEO553,bone,Pars petrosa,UBA-40068,6553,40,,-21.8,15.3,3.26,,,,,,,,,,,,,,,,
NEO554,tooth,nd,UBA-40069,7472,42,,-20.2,12.7,3.18,,,,,,,,,,,,,,,,
NEO555,tooth,nd,UBA-40070,7709,45,,-21.4,12.6,3.24,,,,,,,,,,,,,,,,
NEO556,bone,Pars petrosa,UBA-40071,6627,40,healed skull trauma,-21.4,13.5,3.3,,,,,,,,,,,,,,,,
NEO557,bone,Pars petrosa,UBA-40072,7615,60,healed skull trauma,-20.1,13.1,3.27,,,,,,,,,,,,,,,,
NEO558,bone,Pars petrosa,UBA-40073,7540,56,,-21.4,12.6,3.28,,,,,,,,,,,,,,,,
NEO559,bone,Pars petrosa,UBA-40074,7690,40,,-21.3,12.1,3.23,,,,,,,,,,,,,,,,
NEO560,bone,Pars petrosa,UBA-40075,7337,42,healed skull trauma,-20.5,12.3,3.22,,,,,,,,,,,,,,,,
NEO561,bone,Pars petrosa,UBA-40076,7632,44,,-20.2,12.3,3.23,,,,,,,,,,,,,,,,
NEO563,tooth,PM1 mand dxt,UBA-38226,3210,32,,-18.5,9.5,3.19,F10322,0.709789,,,,,,,,,,,,,,
NEO564,tooth,Loose PM,UBA-38227,4836,35,,-20,9.6,3.2,F10323,0.710273,,,,,,,,,,,,,,
NEO566,tooth,PM1 mand sin,,,,,,,,F10536,0.709912,,,,,,,,,,,,,,
NEO568,tooth,M3 mand dxt,,,,,,,,F10324,0.709051,,,,,,,,,,,,,,
NEO568,bone,femur dxt,UBA-37882,5981,50,,-15.6,13.3,3.15,,,,,,,,,,,,,,,,
NEO568,bone,costa,UBA-31308,5690,34,,-14.9,13.3,,,,,,,,,,,,,,,,,
NEO568,bone,femur dxt,AAR-8555,5790,30,,-15.2,13.3,3.2,,,,,,,,,,,,,,,,
NEO568,bone,tibia dxt,K-4933,5340,70,,,,,,,,,,,,,,,,,,,,
NEO569,bone,Pars petrosa dxt,UBA-35704,5611,53,,-14,14.2,3.28,,,,,,,,,,,,,,,,
NEO570,tooth, I2+C max sin ,UBA-35705,5911,43,in jaw frag,-10.8,13.7,3.21,,,,,,,,,,,,,,,,
NEO571,tooth,PM2 mand sin,UBA-38228,4828,35,,-20.1,9.7,3.21,F10326,0.711415,,,,,,,,,,,,,,
NEO580,bone,Petrosa sin,UBA-35708,4086,42,,-20,10.6,3.23,,,,,,,,,,,,,,,,
NEO583,bone,humerus,K-3750,6200,75,,,,,,,,,,,,,,,,,,,,
NEO583,tooth,PM1 max sin,nd,,,Belfast isotope measurement,-10.85,14,3.17,F10327,0.709536,,,,,,,,,,,,,,
NEO583,bone,maxilla,UBA-39552,6400,37,,-11.4,13.7,3.23,,,,,,,,,,,,,,,,
NEO586,bone,Petrosa sin,UBA-35710,6443,44,,-11.2,14.7,3.26,,,,,,,,,,,,,,,,
NEO587,tooth,M1 mand sin,AAR-6788,8060,65,"date suspect, Tudse hage dated used",-22.3,11.5,3.5,F10541,0.709876,,,,,,,,,,,,,,
NEO589,tooth,PM1 max dxt,,,,,,,,F10328,0.709464,,,,,,,,,,,,,,
NEO589,bone,os temporale,K-4263,6760,75,,,,,,,,,,,,,,,,,,,,
NEO590,tooth,C mand sin,UBA-38231,3114,30,,-20,10.7,3.19,F10329,0.709262,,,,,,,,,,,,,,
NEO594,tooth,PM2 mand dxt,UBA-37886,4548,48,,-20.7,10.1,3.19,F10331,0.709989,,,,,,,,,,,,,,
NEO594,tooth,PM2 mand dxt,UBA-38232,4518,33,isotopes failed,,,,F10331,0.709989,,,,,,,,,,,,,,
NEO595,bone,mandibula,Poz-17032/ACQ59:10+39,4770,40,,-18.8,11.4,3.3,,,,,,,,,,,,,,,,
NEO595,tooth,M2 mand sin,UCIAMS-232705,4910,15,,-18.6,11.8,3.2,F10542,0.710251,,,,,,,,,,,,,,
NEO597,tooth,C mand sin,,,,,,,,F10544,0.70951,,,,,,,,,,,,,,
NEO597,bone,tibia dxt,K-3746/ACQ59:8+38,4570,60,,-20.1,9.2,3.2,,,,,,,,,,,,,,,,
NEO598,tooth,M mand,UBA-37887,5553,40,,-10.5,14.6,3.18,F10332,0.709498,,,,,,,,,,,,,,
NEO599,bone,Petrosa sin,UBA,,,isotopes only,-20,10,,F10745,0.70939,,,,,,,,,,,,,,
NEO599,bone,Clavicula,AAR-10994,4485,41,,-21,10.2,,,,,,,,,,,,,,,,,
NEO600,tooth,C mand sin,,,,,,,,F10545,0.709217,,,,,,,,,,,,,,
NEO600,tooth,C mand sin,,,,,,,,F10333,,,,,,,,,,,,,,,
NEO600,bone,radius,Ua-23792,7115,55,,-15.91,15.2,3.26,,,,,,,,,,,,,,,,
NEO601,tooth,C mand sin,UCIAMS-232706,5050,15,,-20.9,9.5,3.2,F10546,0.711564,,,,,,,,,,,,,,
NEO601,bone,humerus sin,K-6303,5140,100,,,,,,,,,,,,,,,,,,,,
NEO601,bone,femur sin,Poz-17006,4985,27,,-20.5,9.6,3.3,,,,,,,,,,,,,,,,
NEO601,bone,femur sin,AAR-11312,5086,44,,-20.4,9.5,3.16,,,,,,,,,,,,,,,,
NEO602,tooth,C max sin,,,,,,,,F10547,0.709245,,,,,,,,,,,,,,
NEO602,bone,femur sin,AAR-10248,4523,37,,-19.4,10.5,3.3,,,,,,,,,,,,,,,,
NEO602,bone,fibula dxt,"K-5741/Oxford, DK3",4530,90,,-20,10,,,,,,,,,,,,,,,,,
NEO603,tooth,PM1 mand dxt,UBA-40077,3911,44,,-19.5,9.4,3.16,,,,,,,,,,,,,,,,
NEO609,tooth,PM1 mand dxt,UBA-40078,3901,31,,-19.7,9.2,3.18,,,,,,,,,,,,,,,,
NEO624,bone,Pars petrosa sin,UBA-40079,4368,32,,-19.9,13.6,3.33,,,,,,,,,,,,,,,,
NEO625,tooth,PM1 mand dxt,UBA-40080,4532,37,,-19,12.6,3.17,,,,,,,,,,,,,,,,
NEO626,tooth,PM1 mand dxt,UBA-40081,4570,36,,-18,11.9,3.16,,,,,,,,,,,,,,,,
NEO627,tooth,M1+M2 mand dxt,UBA-40085,4529,35,,-20,13.1,3.27,,,,,,,,,,,,,,,,
NEO630,tooth,PM+M mand sin,UBA-40086,4364,29,,-20.1,12.1,3.2,,,,,,,,,,,,,,,,
NEO631,bone,Pars petrosa sin,UBA-40087,6237,35,,-19.8,8.9,3.23,,,,,,,,,,,,,,,,
NEO632,bone,Pars petrosa dxt,UBA-40088,6415,36,,-19.4,9,3.21,,,,,,,,,,,,,,,,
NEO640,tooth,nd,UBA-40092,4564,33,,-19.6,12.3,3.16,,,,,,,,,,,,,,,,
NEO641,tooth,nd,UBA-40093,4717,32,,-19.8,12,3.16,,,,,,,,,,,,,,,,
NEO645,tooth,PM2 mand dxt,,,,,,,,F10548,0.709637,,,,,,,,,,,,,,
NEO646,tooth,I2 mand dxt,UBA-40599,7642,44,,-15.3,13,3.15,,,,,,,,,,,,,,,,
NEO646,tooth,I2 mand dxt,UBA-40094,,,failed,,,,,,,,,,,,,,,,,,,
NEO648,tooth,PM1 max sin,UBA-40600,6812,46,,-17.1,11.4,3.13,,,,,,,,,,,,,,,,
NEO649,tooth,I1 max sin,UBA-40601,3801,33,,-20.6,10.7,3.14,,,,,,,,,,,,,,,,
NEO650,tooth,M2 mand sin,UBA-40602,3779,32,,-20.8,9.4,3.13,,,,,,,,,,,,,,,,
NEO653,tooth,PM1 max dxt,UBA-40603,3233,31,,-20.8,9.4,3.16,,,,,,,,,,,,,,,,
NEO655,tooth,M2 max dxt,UBA-40099,,,failed,,,,F1489,0.710129,,,,,,,,,,,,,,
NEO655,bone,costa,BRAMS-2579,8346,29,,-20.2,13.2,3.4,,,,,,,,,,,,,,,,
NEO657,tooth,C mand dxt,UBA-40100,,,failed,,,,F1494,0.709845,,,,,,,,,,,,,,
NEO657,nd,nd,OxA–5826,8200,90,,-14.6,,,,,,,,,,,,,,,,,,
NEO658,tooth,nd,UBA-40101,,,failed,,,,,,,,,,,,,,,,,,,
NEO658,bone,femur/tibia,OxA-5831,7130,90,Boric 2019,-20.2,10.5,,,,,,,,,,,,,,,,,
NEO669,tooth,I,UBA-40102,,,failed,,,,,,,,,,,,,,,,,,,
NEO671,tooth,M1 mand,UBA-40103,8275,43,,-18.7,14.9,3.17,,,,,,,,,,,,,,,,
NEO672,tooth,M1 mand,UBA-40104,8384,43,,-19.3,14.8,3.19,,,,,,,,,,,,,,,,
NEO674,tooth,M1 max,UBA-40105,5078,41,,-20.3,11.3,3.2,,,,,,,,,,,,,,,,
NEO677,tooth,I1 mand dxt,UBA-40106,,,failed,,,,,,,,,,,,,,,,,,,
NEO679,tooth,nd,Lu-2116,5990,70,charcoal date,,,,,,,,,,,,,,,,,,,
NEO683,bone,Pars petrosa sin,,,,"S2, X4",,,,F10517,0.709293,,,,,,,,,,,,,,
NEO683,tooth,M1 max dxt,,,,,,,,,,,,,,,,,,,,,,,
NEO687,bone,"cranium, temporale",UBA-40107,4922,47,,-20.4,11.8,3.17,,,,,,,,,,,,,,,,
NEO694,tooth,nd,Beta-261220,8540,50,,-14.6,,3.2,,,,,,,,,,,,,,,,
NEO695,tooth,nd,UBA-40606,6608,41,,-20.9,12,3.12,,,,,,,,,,,,,,,,
NEO702,bone,Pars petrosa sin,UBA-35714,4619,41,,-20.6,10.4,3.25,,,,,,,,,,,,,,,,
NEO717,tooth+bone,nd,UBA-40037,4378,32,,-19.1,12.1,3.07,,,,,,,,,,,,,,,,
NEO721,tooth,M1 sin,Ua-39308,4021,30,,,,,,,,,,,,,,,,,,,,
NEO732,tooth,PM1 mand sin,P-48475,,,failed,,,,F10557,0.709786,,,,,,,,,,,,,,
NEO732,tooth,M1,,,,,,,,?,0.709614,,,,,,,,,,,,,,
NEO733,tooth,C mand sin,P-48474,,,failed,,,,F10558,0.710084,,,,,,,,,,,,,,
NEO735,tooth,PM2 max dxt,UBA-37890,3671,39,,-20.3,10.4,3.21,,,,,,,,,,,,,,,,
NEO737,tooth,M3 mand sin,UBA-37891,3785,38,,-19.6,10.1,3.15,F10506,0.710185,,,,,,,,,,,,,,
NEO738,tooth,PM1/PM2 max sin,UBA-35715,3810,40,,-19.1,8.6,3.22,F10561,0.709776,,,,,,,,,,,,,,
NEO739,bone,Pars petrosa dxt,UBA-35716,3691,40,,-19.8,8.5,3.22,,,,,,,,,,,,,,,,
NEO744,tooth,M3 mand dxt,UBA-37893,4709,52,,-18.6,12.4,3.21,F10338,0.709901,,,,,,,,,,,,,,
NEO745,bone,femur,Ua-23784,6140,50,,-13.5,16.4,,,,,,,,,,,,,,,,,
NEO745,bone,Pars petrosa dxt,,,,,,,,F10518,0.709929,,,,,,,,,,,,,,
NEO746,bone,Pars petrosa dxt,UBA-35717,6298,58,,-14.3,15.5,3.24,F10746,0.7111,,,,,,,,,,,,,,
NEO747,bone,long bone,Ua-23786,6060,60,,-14.8,15.6,,,,,,,,,,,,,,,,,
NEO747,bone,Pars petrosa sin,,,,,,,,F10519,0.714463,,,,,,,,,,,,,,
NEO747,bone,Pars petrosa sin,,,,,,,,F10747,0.711059,,,,,,,,,,,,,,
NEO748,bone,femur,Ua-23787,6420,70,,-13.6,16.5,,,,,,,,,,,,,,,,,
NEO748,bone,Pars petrosa sin,,,,,,,,F10520,0.710002,,,,,,,,,,,,,,
NEO749,tooth,I2 mand,,,,,,,,F10564,0.709834,,,,,,,,,,,,,,
NEO749,tooth,I2 mand,,,,,,,,F10521,0.709967,,,,,,,,,,,,,,
NEO749,tooth,M1 mand,Ua-23794,6260,75,,-17.4,16.5,,,,,,,,,,,,,,,,,
NEO751,tooth + bone,M3 mand dxt+mand frag,UBA-35718,5792,41,,-13.5,14.1,3.26,F10565,0.709708,,,,,,,,,,,,,,
NEO752,tooth,C max dxt,,,,,,,,F10566,0.710167,,,,,,,,,,,,,,
NEO752,bone,cranium,AAR-8302,3523,44,,-20.2,11.1,,,,,,,,,,,,,,,,,
NEO753,tooth,M3 sin mand,UBA-39125,4853,29,,-18.5,13.1,3.19,F10567,0.710364,,,,,,,,,,,,,,
NEO757,tooth,M1 sin mand,UBA-35721,4746,45,,-19.8,9.6,3.22,F10569,0.71003,,,,,,,,,,,,,,
NEO759,tooth,M1,,,,,,,,,,,,,,,,,,,,,,,
NEO759,bone,humerus dxt,K-5099,8250,85,,-16.8,12.4,3.3,,,,,,,,,,,,,,,,
NEO759,bone,Pars petrosa sin,UBA-40438,8217,38,,-16.6,12.8,3.21,F10528,0.710099,,,,,,,,,,,,,,
NEO790,bone,Pars petrosa dxt,UBA-35722,4959,43,,-20,10.4,3.23,,,,,,,,,,,,,,,,
NEO791,tooth,"M1 dxt max, M1 dxt mand",,,,,,,,F10572,0.709715,,,,,,,,,,,,,,
NEO791,bone,tibia sin,AAR-10246,6263,36,,-15.9,12.3,3.3,,,,,,,,,,,,,,,,
NEO792,tooth,M2 sin max,UBA-35723,4020,35,,-21.2,8.5,3.27,F10573,0.711897,,,,,,,,,,,,,,
NEO795,tooth,M1 dxt mand,,,,,,,,F10575,0.709657,,,,,,,,,,,,,,
NEO795,tooth,I1 sin mand,,,,,,,,,,,,,,,,,,,,,,,
NEO795,bone,costae,K-3748/ACQ40+41:13,4710,90,,-20.4,8.6,3.1,,,,,,,,,,,,,,,,
NEO797,tooth,C dxt mand,,,,,,,,F10576,0.711482,,,,,,,,,,,,,,
NEO797,bone,costae,K-3744/BCH198 5a+b,4650,140,,-20.4,10,3.3,,,,,,,,,,,,,,,,
NEO806,tooth,nd,UBA-40109,3014,26,,-18.4,9.2,3.2,,,,,,,,,,,,,,,,
NEO812,tooth+bone,tooth + petrous right,UBA-40110,,,failed,,,,,,,,,,,,,,,,,,,
NEO813,tooth+bone,tooth + bone + petrous left,UBA-40111,5740,32,,-19.2,10.6,3.25,,,,,,,,,,,,,,,,
NEO814,tooth,M1 dxt max,UBA-38238,6435,44,,-11.6,14.5,3.19,F10343,0.709937,,,,,,,,,,,,,,
NEO815,tooth,2 incisors,UBA-38239,3248,32,,-20.9,9.1,3.19,F10344,0.715068,,,,,,,,,,,,,,
NEO816,bone,Pars petrosa dxt,P-48489,,,failed,,,,,,,,,,,,,,,,,,,
NEO816,bone,Pars petrosa dxt,UBA-40112,,,failed,,,,,,,,,,,,,,,,,,,
NEO817,bone,Pars petrosa sin,UBA-40113,,,failed,,,,,,,,,,,,,,,,,,,
NEO817,bone,Pars petrosa sin,OxA-39291,8379,29,,-19.02,10.97,3.4,,,,,,,,,,,,,,,,
NEO819,bone,Pars petrosa dxt,OxA-39346,8353,37,,-17.65,11.02,3.5,,,,,,,,,,,,,,,,
NEO819,bone,Pars petrosa dxt,OxA-39347,8271,34,,-17.03,10.96,3.5,,,,,,,,,,,,,,,,
NEO819,bone,Pars petrosa dxt,UBA-40115,,,failed,,,,,,,,,,,,,,,,,,,
NEO822,tooth,M1 dxt mand,,,,,,,,F10578,0.70949,,,,,,,,,,,,,,
NEO822,bone,mandible,AAR-8725,6310,60,,-11.72,14.45,,,,,,,,,,,,,,,,,
NEO823,tooth,nd,,,,,,,,,,,,,,,,,,,,,,,
NEO828,tooth,nd,,,,,,,,,,,,,,,,,,,,,,,
NEO830,tooth,nd,OxA-18284,4661,30,,,,,,,,,,,,,,,,,,,,
NEO834,tooth,nd,,,,,,,,,,,,,,,,,,,,,,,
NEO834,tooth,nd,UBA-40801,6499,41,,-20.2,9.2,3.23,,,,,,,,,,,,,,,,
NEO841,tooth,nd,UBA-40116,6781,35,,-19.6,13.4,3.2,,,,,,,,,,,,,,,,
NEO843,tooth,nd,UBA-40117,6678,37,,-19.5,13.6,3.18,,,,,,,,,,,,,,,,
NEO847,tooth+bone,tooth+petrous,UBA-40120,4767,33,,-21,10.2,3.23,,,,,,,,,,,,,,,,
NEO852,bone,femur sin,K-5199,5790,95,,-12.1,,,,,,,,,,,,,,,,,,
NEO852,bone,femur sin,AAR-8556,5800,35,,-11.8,15.3,3.2,,,,,,,,,,,,,,,,
NEO852,tooth,M2 dxt mand,,,,,,,,F10581,0.709362,,,,,,,,,,,,,,
NEO853,tooth+bone,"M1 dxt mand, petrous",UBA-37896,5496,57,,-10.1,14.5,3.2,F10345,0.709548,,,,,,,,,,,,,,
NEO855,tooth,M1?,,,,,,,,FAN-03E,0.709419,,,,,,,,,,,,,,
NEO855,bone,costa,AAR-28400,5821,37,,-10.5,14.5,,,,,,,,,,,,,,,,,
NEO856,tooth+bone,M2?+cranial bone,AAR-28401,6289,45,,-10.1,12.9,,NED-04E,0.709848,,,,,,,,,,,,,,
NEO857,tooth,nd,UBA-38241,3448,37,,-19.7,8.3,3.17,F10346,0.70985,,,,,,,,,,,,,,
NEO857,tooth,nd,UBA-37897,3425,59,,-18.8,9.3,3.19,F10346,0.70985,,,,,,,,,,,,,,
NEO860,tooth,PM2 sin mand,UBA-37900,3568,51,,-20.4,12.1,3.17,F10511,0.709659,,,,,,,,,,,,,,
NEO861,tooth,PM2 dxt mand,UBA-39126,3756,29,,-20.8,9.5,3.17,F10582,0.715245,,,,,,,,,,,,,,
NEO865,tooth+bone,PM1 sin mand + max frag,UBA-39128,4688,31,,-20,11,3.23,F10585,0.710525,,,,,,,,,,,,,,
NEO866,tooth,I2 sin max,,,,,,,,F10350,0.709742,,,,,,,,,,,,,,
NEO866,tooth,I2 sin max,,,,,,,,F10351,0.709742,,,,,,,,,,,,,,
NEO866,bone,petrous right,UBA-40439,4743,31,,-21.1,9.7,32,,,,,,,,,,,,,,,,
NEO870,tooth,M2 dxt max,UBA-39129,3837,30,,-21.1,9.1,3.19,,,,,,,,,,,,,,,,
NEO872,tooth,dpm2 sin max,UBA-39130,3699,35,,-19.9,11.5,3.24,F10587,0.709385,,,,,,,,,,,,,,
NEO875,tooth+bone,"dpm1 dxt mand, petrous right",UBA-37906,3803,36,,-20.5,11.1,3.24,F10355,0.711054,,,,,,,,,,,,,,
NEO876,tooth,M1 sin mand,UBA-39132,3936,28,,-21.1,8.9,3.18,F10590,0.710709,,,,,,,,,,,,,,
NEO878,tooth+bone,"PM2 dxt mand, petrous left",UBA-39134,3710,35,,-20.5,9.7,3.19,F10357,0.711382,,,,,,,,,,,,,,
NEO886,bone,petrous left,UBA-39141,4774,52,,-20.1,10.6,3.25,F10748,0.710411,,,,,,,,,,,,,,
NEO888,tooth+bone,M2 sin mand + mc II sin,UBA-40440,4647,31,,-20.8,8.7,3.19,F10598,0.710284,,,,,,,,,,,,,,
NEO891,tooth+bone,tooth+mandible powder,UBA-37910,4939,45,,-20.5,9.6,3.23,F10364,0.710722,,,,,,,,,,,,,,
NEO896,tooth+bone,tooth+mandibula,UBA-39554,4698,32,,-20.7,8.5,3.14,F10603,0.70835,,,,,,,,,,,,,,
NEO898,bone,petrous,UBA-37912,4539,72,,-17.1,14.2,3.17,,,,,,,,,,,,,,,,
NEO899,tooth,2 teeth,OxA-39283,3696,20,,-18.16,14.06,3.2,,,,,,,,,,,,,,,,
NEO900,tooth,2 teeth,OxA-39284,3831,20,,-20.64,14.07,3.2,,,,,,,,,,,,,,,,
NEO901,tooth,2 teeth,OxA-39285,1238,18,,-20.87,10.02,3.2,,,,,,,,,,,,,,,,
NEO902,tooth,2 teeth,OxA-39286,2337,18,,-16.26,13.2,3.2,,,,,,,,,,,,,,,,
NEO904,tooth,2 teeth,UBA-39933,3730,42,,-18.1,16.6,3.17,,,,,,,,,,,,,,,,
NEO907,tooth,2 teeth,UBA-40121,5390,31,,-22.1,14.5,3.17,,,,,,,,,,,,,,,,
NEO910,tooth,2 teeth,UBA-40122,3877,28,,-22.1,14,3.16,,,,,,,,,,,,,,,,
NEO911,tooth,2 teeth,UBA-40123,6451,33,,-20.4,12.5,3.12,,,,,,,,,,,,,,,,
NEO912,tooth,2 teeth,UBA-40124,5309,32,,-21,13.3,3.13,,,,,,,,,,,,,,,,
NEO915,tooth,2 teeth,UBA-40125,5472,32,,-21.6,13.4,3.16,,,,,,,,,,,,,,,,
NEO916,tooth,2 teeth,UBA-40126,5473,32,,-21.5,16.1,3.19,,,,,,,,,,,,,,,,
NEO917,bone,petrous bone,UBA-40127,5269,30,,-22.8,14.5,3.23,,,,,,,,,,,,,,,,
NEO918,tooth+bone,tooth + petrous,UBA-40128,5255,36,,-22.3,14.6,3.21,,,,,,,,,,,,,,,,
NEO921,tooth+bone,tooth + petrous,UBA-40129,4221,31,,-22.3,16,3.2,,,,,,,,,,,,,,,,
NEO922,tooth,2 teeth,UBA-40130,7191,46,,-16.8,13.4,3.18,,,,,,,,,,,,,,,,
NEO923,tooth,2 teeth,UBA-40131,5555,34,,-19.5,12.5,3.18,,,,,,,,,,,,,,,,
NEO925,bone,petrous,UBA-40132,,,failed,,,,,,,,,,,,,,,,,,,
NEO925,bone,petrous,UBA-37913,,,failed,,,,,,,,,,,,,,,,,,,
NEO930,tooth,M2 dxt mand,,,,,,,,FAN-37E,0.709465,,,,,,,,,,,,,,
NEO930,bone,mt4 sin,AAR-19687,6377,30,,-10.8,14.3,,,,,,,,,,,,,,,,,
NEO932,bone,petrous,UBA-40929,6794,49,sample swapped with Aldersro,-12.6,15.5,3.21,F10606,0.709532,,,,,,,,,,,,,,
NEO932,bone,petrous,UBA-38242,6608,47,Redate of UB-38244,-12.6,15.5,3.21,F10513,0.709563,,,,,,,,,,,,,,
NEO933,bone,petrous sin,UBA-39145,4688,56,,-19.9,10.5,3.21,F10607,0.709394,,,,,,,,,,,,,,
NEO934,tooth,nd,UBA-39146,3573,39,,-19.9,10.1,3.2,,,,,,,,,,,,,,,,
NEO935,bone,femur sin,K-3751,4750,90,,,,,,,,,,,,,,,,,,,,
NEO935,bone,petrous dxt,UBA-39147,4573,33,,-20.7,10,3.16,F10608,0.70917,,,,,,,,,,,,,,
NEO938,tooth,M3 dxt mand,UBA-40604,7178,41,,-17.5,11.1,3.15,,,,,,,,,,,,,,,,
NEO941,tooth,"M3 dxt mand, in jaw",UBA-39153,5947,33,,-10,14.6,3.13,F10750,0.709351,,,,,,,,,,,,,,
NEO942,bone,petrous right,UBA-39159,4846,53,,-20,9.1,3.16,F10751,0.709363,,,,,,,,,,,,,,
NEO943,bone,petrous left,UBA-39152,4072,61,,-20.4,10.6,3.24,F10752,0.709207,,,,,,,,,,,,,,
NEO945,bone,petrous right,UBA-39151,4674,51,isotopes failed,,,,F10754,0.708835,,,,,,,,,,,,,,
NEO946,bone,petrous left,UBA-39154,2982,44,,-20.1,10.1,3.23,F10755,0.708837,,,,,,,,,,,,,,
NEO951,tooth+bone,"PM2 sin mand, cranium frag",UBA-39162,3114,54,,-20.3,7.9,3.17,F10760,0.70996,,,,,,,,,,,,,,
NEO960,bone,petrous dxt,,,,,,,,F10809,0.709539,,,,,,,,,,,,,,
NEO960,bone,occipitale,AAR-10993; BCH198:4a+b,5308,43,,-21.4,12.5,,,,,,,,,,,,,,,,,
NEO961,tooth,dpm2 dxt mand,UBA-40443,4510,32,,-20.5,9.5,3.13,F10815,0.710183,,,,,,,,,,,,,,
NEO962,tooth,M3 dxt max,AAR-7416-2,5102,37,,-19.47,10.4,,F11050,0.70944,,,,,,,,,,,,,,
